{
  "lang":"hu",
  "name":"pipeline",
  "version":"0.0.0",
  "spacy_version":">=3.8.2,<3.9.0",
  "description":"",
  "author":"",
  "email":"",
  "url":"",
  "license":"",
  "spacy_git_version":"63f1b53",
  "vectors":{
    "width":0,
    "vectors":0,
    "keys":0,
    "name":null,
    "mode":"default"
  },
  "labels":{
    "textcat":[
      "Ady",
      "AranyJ",
      "Babits",
      "Balassi",
      "Csokonai",
      "Jozsef",
      "Karinthy",
      "Kolcsey",
      "Kosztolanyi",
      "Madach",
      "Petofi",
      "Radnoti",
      "Vorosmarty"
    ]
  },
  "pipeline":[
    "textcat"
  ],
  "components":[
    "textcat"
  ],
  "disabled":[

  ],
  "performance":{
    "cats_score":0.8115408826,
    "cats_score_desc":"macro F",
    "cats_micro_p":0.8476977568,
    "cats_micro_r":0.8476977568,
    "cats_micro_f":0.8476977568,
    "cats_macro_p":0.893834914,
    "cats_macro_r":0.7909871389,
    "cats_macro_f":0.8115408826,
    "cats_macro_auc":0.9495399249,
    "cats_f_per_type":{
      "Ady":{
        "p":0.7802197802,
        "r":0.940397351,
        "f":0.8528528529
      },
      "AranyJ":{
        "p":0.8679245283,
        "r":0.7931034483,
        "f":0.8288288288
      },
      "Babits":{
        "p":0.813559322,
        "r":0.6575342466,
        "f":0.7272727273
      },
      "Balassi":{
        "p":1.0,
        "r":1.0,
        "f":1.0
      },
      "Csokonai":{
        "p":0.9545454545,
        "r":0.8235294118,
        "f":0.8842105263
      },
      "Jozsef":{
        "p":0.8518518519,
        "r":0.8625,
        "f":0.8571428571
      },
      "Karinthy":{
        "p":1.0,
        "r":0.1111111111,
        "f":0.2
      },
      "Kolcsey":{
        "p":1.0,
        "r":0.8636363636,
        "f":0.9268292683
      },
      "Kosztolanyi":{
        "p":0.7582417582,
        "r":0.8313253012,
        "f":0.7931034483
      },
      "Madach":{
        "p":0.8684210526,
        "r":0.7674418605,
        "f":0.8148148148
      },
      "Petofi":{
        "p":0.9380530973,
        "r":0.9298245614,
        "f":0.9339207048
      },
      "Radnoti":{
        "p":1.0,
        "r":0.8076923077,
        "f":0.8936170213
      },
      "Vorosmarty":{
        "p":0.787037037,
        "r":0.8947368421,
        "f":0.8374384236
      }
    },
    "textcat_loss":0.7483691253
  }
}