{
  "lang":"hu",
  "name":"pipeline",
  "version":"0.0.0",
  "spacy_version":">=3.8.2,<3.9.0",
  "description":"",
  "author":"",
  "email":"",
  "url":"",
  "license":"",
  "spacy_git_version":"63f1b53",
  "vectors":{
    "width":0,
    "vectors":0,
    "keys":0,
    "name":null,
    "mode":"default"
  },
  "labels":{
    "textcat":[
      "Ady",
      "AranyJ",
      "Babits",
      "Balassi",
      "Csokonai",
      "Jozsef",
      "Karinthy",
      "Kolcsey",
      "Kosztolanyi",
      "Madach",
      "Petofi",
      "Radnoti",
      "Vorosmarty"
    ]
  },
  "pipeline":[
    "textcat"
  ],
  "components":[
    "textcat"
  ],
  "disabled":[

  ],
  "performance":{
    "cats_score":0.7967861246,
    "cats_score_desc":"macro F",
    "cats_micro_p":0.8347107438,
    "cats_micro_r":0.8347107438,
    "cats_micro_f":0.8347107438,
    "cats_macro_p":0.8802386994,
    "cats_macro_r":0.7761228784,
    "cats_macro_f":0.7967861246,
    "cats_macro_auc":0.9490584139,
    "cats_f_per_type":{
      "Ady":{
        "p":0.75,
        "r":0.9337748344,
        "f":0.8318584071
      },
      "AranyJ":{
        "p":0.765625,
        "r":0.8448275862,
        "f":0.8032786885
      },
      "Babits":{
        "p":0.7966101695,
        "r":0.6438356164,
        "f":0.7121212121
      },
      "Balassi":{
        "p":1.0,
        "r":1.0,
        "f":1.0
      },
      "Csokonai":{
        "p":0.9545454545,
        "r":0.8235294118,
        "f":0.8842105263
      },
      "Jozsef":{
        "p":0.8904109589,
        "r":0.8125,
        "f":0.8496732026
      },
      "Karinthy":{
        "p":1.0,
        "r":0.1111111111,
        "f":0.2
      },
      "Kolcsey":{
        "p":1.0,
        "r":0.7727272727,
        "f":0.8717948718
      },
      "Kosztolanyi":{
        "p":0.7471264368,
        "r":0.7831325301,
        "f":0.7647058824
      },
      "Madach":{
        "p":0.8,
        "r":0.7441860465,
        "f":0.7710843373
      },
      "Petofi":{
        "p":0.963963964,
        "r":0.9385964912,
        "f":0.9511111111
      },
      "Radnoti":{
        "p":0.976744186,
        "r":0.8076923077,
        "f":0.8842105263
      },
      "Vorosmarty":{
        "p":0.7980769231,
        "r":0.8736842105,
        "f":0.8341708543
      }
    },
    "textcat_loss":0.2756640766
  }
}